peptide,ic50
MQCLAAALK,12587.650520405963
QCLAAALKD,20255.710542718934
CLAAALKDE,14885.93415581131
LAAALKDET,21606.95049707204
AAALKDETN,33119.32872975503
AALKDETNM,15366.27937507511
ALKDETNMS,1913.5212462607217
LKDETNMSG,21928.083033910876
KDETNMSGG,26387.839324820474
DETNMSGGG,30643.093284177936
ETNMSGGGE,30709.217802838135
TNMSGGGEQ,29343.31324068481
NMSGGGEQA,6612.288422815431
MSGGGEQAD,25066.980519443456
SGGGEQADI,27899.609489560342
GGGEQADIL,22636.33861787516
GGEQADILP,29042.0499192314
GEQADILPA,22186.561945788024
EQADILPAN,26618.698977305346
QADILPANY,27175.78173852266
ADILPANYV,6269.62422359044
DILPANYVV,1547.2316005037562
ILPANYVVK,9101.649196934704
LPANYVVKD,24895.18860250905
PANYVVKDR,29247.571216046057
ANYVVKDRW,30893.42653209316
NYVVKDRWK,29978.19461202676
YVVKDRWKV,210.32414104178844
VVKDRWKVL,14147.497884246499
VKDRWKVLK,30307.23934178187
KDRWKVLKK,30261.96814226948
DRWKVLKKI,29192.844807627163
RWKVLKKIG,27826.264321565995
WKVLKKIGG,21682.023937219732
KVLKKIGGG,12369.28778884593
VLKKIGGGG,14225.831206248153
LKKIGGGGF,32757.04116111707
KKIGGGGFG,31046.935813694094
KIGGGGFGE,8679.996422432465
IGGGGFGEI,15565.566889035004
GGGGFGEIY,31528.87175819225
GGGFGEIYE,19184.384474185143
GGFGEIYEA,6157.804080868259
GFGEIYEAM,11948.46778118056
FGEIYEAMD,15944.111362612146
GEIYEAMDL,19165.686851024337
EIYEAMDLL,7467.744551383417
IYEAMDLLT,17424.3496450815
YEAMDLLTR,26917.507472820827
EAMDLLTRE,23607.01815047875
AMDLLTREN,10595.7035819919
MDLLTRENV,5238.322063540882
DLLTRENVA,13061.013133788765
LLTRENVAL,732.7353442961539
LTRENVALK,28608.102445860866
TRENVALKV,21963.37175772799
RENVALKVE,31976.54711889971
ENVALKVES,19975.710074124956
NVALKVESA,2971.453935245957
VALKVESAQ,23083.419616929084
ALKVESAQQ,10607.511204908353
LKVESAQQP,28190.224013133935
KVESAQQPK,28745.669675286998
VESAQQPKQ,31308.541412020357
ESAQQPKQV,27659.528114517536
SAQQPKQVL,29201.172116236306
AQQPKQVLK,25409.566837886807
QQPKQVLKM,17310.581627186086
QPKQVLKME,30057.442079926062
PKQVLKMEV,10668.637180510726
KQVLKMEVA,13422.965088475674
QVLKMEVAV,166.6557941462729
VLKMEVAVL,574.1425565656855
LKMEVAVLK,17833.227514166887
KMEVAVLKK,16898.87380833118
MEVAVLKKL,21469.632061655986
EVAVLKKLQ,29199.717372755567
VAVLKKLQG,23344.13479087205
AVLKKLQGK,24507.588160202464
VLKKLQGKD,15314.373958209115
LKKLQGKDH,29487.144609289786
KKLQGKDHV,17696.30251697751
KLQGKDHVC,2157.3733483560914
LQGKDHVCR,20845.95734747972
QGKDHVCRF,32264.023283761533
GKDHVCRFI,28093.58765132841
KDHVCRFIG,26487.600446420638
DHVCRFIGC,10750.43774489072
HVCRFIGCG,17106.84315338055
VCRFIGCGR,16993.648088019698
CRFIGCGRN,30668.35459642574
RFIGCGRNE,21618.702231979943
FIGCGRNEK,17121.574932566968
IGCGRNEKF,29536.47785596094
GCGRNEKFN,33165.680698120785
CGRNEKFNY,33331.46018546154
GRNEKFNYV,7048.665804865166
RNEKFNYVV,6321.944782285529
NEKFNYVVM,19533.88926334717
EKFNYVVMQ,19763.94090842534
KFNYVVMQL,9652.007158896035
FNYVVMQLQ,24906.234976576754
NYVVMQLQG,25009.798267655966
YVVMQLQGR,13421.878730200144
VVMQLQGRN,23502.250676617892
VMQLQGRNL,12030.160090251524
MQLQGRNLA,9859.516053315576
QLQGRNLAD,11017.407885390227
LQGRNLADL,3804.561233437123
QGRNLADLR,27182.573876268605
GRNLADLRR,28409.04756706437
RNLADLRRS,19063.583968103227
NLADLRRSQ,11869.813985456141
LADLRRSQP,23748.33154292562
ADLRRSQPR,30490.692204710518
DLRRSQPRG,31543.237932798093
LRRSQPRGT,31566.281706292248
RRSQPRGTF,35766.45392523483
RSQPRGTFT,27413.27631601471
SQPRGTFTL,7350.942529261195
QPRGTFTLS,27976.10897662465
PRGTFTLST,28536.644198561942
RGTFTLSTT,23358.170122675874
GTFTLSTTL,2119.804345469836
TFTLSTTLR,18563.755201991793
FTLSTTLRL,77.6571364305315
TLSTTLRLG,3150.8329101766863
LSTTLRLGK,26559.16308349644
STTLRLGKQ,26783.045874352145
TTLRLGKQI,22102.21776938936
TLRLGKQIL,15359.838082639055
LRLGKQILE,22375.538011921948
RLGKQILES,627.7108344449086
LGKQILESI,14533.298994690584
GKQILESIE,26703.628795129243
KQILESIEA,773.5785629412152
QILESIEAI,98.11937734573374
ILESIEAIH,7294.543134661145
LESIEAIHS,20885.06487287683
ESIEAIHSV,3438.7491756343434
SIEAIHSVG,16043.824092984172
IEAIHSVGF,25163.3991948445
EAIHSVGFL,20889.107637879122
AIHSVGFLH,9955.258324003815
IHSVGFLHR,22044.845499740546
HSVGFLHRD,9640.13624465405
SVGFLHRDI,16509.896031044216
VGFLHRDIK,28933.757126556167
GFLHRDIKP,18879.09247269342
FLHRDIKPS,125.80723763156088
LHRDIKPSN,32859.57720876733
HRDIKPSNF,34239.50793170483
RDIKPSNFA,27044.297262460408
DIKPSNFAM,14747.77542419836
IKPSNFAMG,24631.667501619995
KPSNFAMGR,23456.686154668303
PSNFAMGRL,25827.719579858214
SNFAMGRLP,27647.386528656436
NFAMGRLPS,18236.775056257906
FAMGRLPST,41.39418899021823
AMGRLPSTY,14010.591791704379
MGRLPSTYR,22047.029682298577
GRLPSTYRK,31588.698048399434
RLPSTYRKC,1177.0648231244122
LPSTYRKCY,33610.51906516398
PSTYRKCYM,26349.49960944485
STYRKCYML,1295.875189333115
TYRKCYMLD,24934.723614073308
YRKCYMLDF,26771.780013443826
RKCYMLDFG,24641.875847817155
KCYMLDFGL,5566.577208541415
CYMLDFGLA,2700.1644852663303
YMLDFGLAR,5506.092010123045
MLDFGLARQ,1505.523290391028
LDFGLARQY,24651.446537045897
DFGLARQYT,29199.813882618942
FGLARQYTN,18059.49753538814
GLARQYTNT,6340.052512457386
LARQYTNTT,29232.111980768794
ARQYTNTTG,33427.93951435659
RQYTNTTGD,10097.406076089374
QYTNTTGDV,17237.257553532145
YTNTTGDVR,23439.343298998992
TNTTGDVRP,29031.578516055248
NTTGDVRPP,27135.266877975457
TTGDVRPPR,21170.820190553317
TGDVRPPRN,32509.06105291448
GDVRPPRNV,16352.232617821941
DVRPPRNVA,28917.314492568716
VRPPRNVAG,31630.661322714
RPPRNVAGF,33075.39715911339
PPRNVAGFR,31217.11078221226
PRNVAGFRG,31808.822864200058
RNVAGFRGT,27914.387666445422
NVAGFRGTV,1789.5137172615068
VAGFRGTVR,24966.134779656757
AGFRGTVRY,30019.023919617353
GFRGTVRYA,14185.091242680988
FRGTVRYAS,27684.853883013217
RGTVRYASV,14560.951171276629
GTVRYASVN,26406.097181731933
TVRYASVNA,21238.686419377045
VRYASVNAH,30099.039291553487
RYASVNAHK,30628.219808394508
YASVNAHKN,25240.686332520494
ASVNAHKNR,30299.133965924226
SVNAHKNRE,26981.81264994853
VNAHKNREM,29116.835700889613
NAHKNREMG,31198.087879665025
AHKNREMGR,28656.109396816388
HKNREMGRH,30121.37645584534
KNREMGRHD,29416.2839836456
NREMGRHDD,32700.371415036723
REMGRHDDL,29515.778374704954
EMGRHDDLW,34340.722278143454
MGRHDDLWS,24503.165088777823
GRHDDLWSL,18543.542625128674
RHDDLWSLF,30690.808709663346
HDDLWSLFY,23101.16766825891
DDLWSLFYM,79.61501801913757
DLWSLFYML,1484.539671460589
LWSLFYMLV,4463.3459208716085
WSLFYMLVE,9209.85317444837
SLFYMLVEF,390.62160618612216
LFYMLVEFA,609.6227950675254
FYMLVEFAV,3364.1160767314104
YMLVEFAVG,166.00457192842012
MLVEFAVGQ,1251.9177317604397
LVEFAVGQL,7436.966385679145
VEFAVGQLP,28151.51443816886
EFAVGQLPW,32125.18016843917
FAVGQLPWR,13587.977829988096
AVGQLPWRK,24644.031263184694
VGQLPWRKI,25762.754548867353
GQLPWRKIK,26210.491800373587
QLPWRKIKD,11797.816425047975
LPWRKIKDK,30198.398719714583
PWRKIKDKE,29998.34779493239
WRKIKDKEQ,31692.991570581704
RKIKDKEQV,17740.917363873676
KIKDKEQVG,22798.596263532345
IKDKEQVGM,22689.95617333514
KDKEQVGMI,24076.10025138432
DKEQVGMIK,27137.073790309143
KEQVGMIKE,25926.388263214874
EQVGMIKEK,26854.77133436053
QVGMIKEKY,30376.14060700091
VGMIKEKYE,20423.890037728954
GMIKEKYEH,6306.9395998410955
MIKEKYEHR,13427.287587626584
IKEKYEHRM,26202.699442846748
KEKYEHRML,26592.066465905475
EKYEHRMLL,23145.38108255253
KYEHRMLLK,29924.01036341377
YEHRMLLKH,28979.717301293203
EHRMLLKHM,20874.847793980953
HRMLLKHMP,19240.993241132408
RMLLKHMPS,1051.2097889763845
MLLKHMPSE,938.4431811426014
LLKHMPSEF,14615.61107593343
LKHMPSEFH,25199.420915440925
KHMPSEFHL,10316.190322531536
HMPSEFHLF,11146.512598485588
MPSEFHLFL,7451.594673968055
PSEFHLFLD,20837.850664645914
SEFHLFLDH,20251.23856071074
EFHLFLDHI,11854.598050206745
FHLFLDHIA,9796.879662829646
HLFLDHIAS,429.00385202749413
LFLDHIASL,47.27673018489602
FLDHIASLD,185.77695698025906
LDHIASLDY,15181.690115373585
DHIASLDYF,21955.98804707533
HIASLDYFT,1534.679778898341
IASLDYFTK,23162.27116677006
ASLDYFTKP,6325.005370945396
SLDYFTKPD,1685.8325210713672
LDYFTKPDY,20227.401398008533
DYFTKPDYQ,26489.263867456455
YFTKPDYQL,13263.47779933991
FTKPDYQLI,7936.158841912564
TKPDYQLIM,24882.083037847853
KPDYQLIMS,18246.673204230217
PDYQLIMSV,5082.853686943039
DYQLIMSVF,17363.697744814028
YQLIMSVFE,4569.949712067159
QLIMSVFEN,1647.0100209675923
LIMSVFENS,709.0738455326674
IMSVFENSM,199.38170242170435
MSVFENSMK,27642.081483578233
SVFENSMKE,8474.361685506601
VFENSMKER,16931.800810022087
FENSMKERG,28892.18185565402
ENSMKERGI,29163.672079495464
NSMKERGIA,20493.569237739215
SMKERGIAE,14332.225436592762
MKERGIAEN,27888.54279447311
KERGIAENE,29387.24095100284
ERGIAENEA,28780.71806351979
RGIAENEAF,26320.508466850475
GIAENEAFD,10413.923951585493
IAENEAFDW,31430.306924386747
AENEAFDWE,30394.300924762814
ENEAFDWEK,29331.222261934687
NEAFDWEKA,21827.982723676523
EAFDWEKAG,25233.158904775824
AFDWEKAGT,8805.419996521105
FDWEKAGTD,13135.040648160564
DWEKAGTDA,30345.875911114428
WEKAGTDAL,27502.449519323236
EKAGTDALL,25842.270032675395
KAGTDALLS,18751.65801576145
AGTDALLST,15837.83502786192
GTDALLSTS,9690.861716066336
TDALLSTST,25771.984592302957
DALLSTSTS,15627.531306738265
ALLSTSTST,1432.3153985692582
LLSTSTSTP,4699.20898974876
LSTSTSTPP,17949.785075234435
STSTSTPPQ,14322.734882576902
TSTSTPPQQ,25329.583775707062
STSTPPQQN,31432.14898636149
TSTPPQQNT,31072.047858843554
STPPQQNTR,23461.270213513508
TPPQQNTRQ,31654.401797161874
PPQQNTRQT,34652.99767087357
PQQNTRQTA,30637.036827347165
QQNTRQTAA,23842.117004858912
QNTRQTAAM,25067.358400727135
NTRQTAAMF,31615.974975780922
TRQTAAMFG,31721.88006268032
RQTAAMFGV,114.70649907399992
QTAAMFGVV,3380.152430818466
TAAMFGVVN,18691.814193347494
AAMFGVVNV,299.1861325979399
AMFGVVNVT,310.1662900740556
MFGVVNVTP,8728.970744451226
FGVVNVTPV,1209.5968338184698
GVVNVTPVP,7999.595264679773
VVNVTPVPG,12425.728265921984
VNVTPVPGD,17824.427254046084
NVTPVPGDL,16816.602323659827
VTPVPGDLL,15586.406690531083
TPVPGDLLR,30588.84154354044
PVPGDLLRE,23072.52883975177
VPGDLLREN,29917.747525804658
PGDLLRENT,31630.132230684267
GDLLRENTE,24658.551953137627
DLLRENTED,15717.657461283476
LLRENTEDV,1222.6559361193952
LRENTEDVL,26201.26417789338
RENTEDVLQ,33137.76930926826
ENTEDVLQG,29432.567830420583
NTEDVLQGE,19906.782203813043
TEDVLQGEH,29696.645192446493
EDVLQGEHL,25411.398135411968
DVLQGEHLS,23613.01922165401
VLQGEHLSD,6025.077662790982
LQGEHLSDQ,11908.92618528252
QGEHLSDQE,30033.160921498118
GEHLSDQEN,33157.35747066622
EHLSDQENA,25482.236690170343
HLSDQENAP,12289.70643658699
LSDQENAPP,18918.821119951423
SDQENAPPI,23787.874624330612
DQENAPPIL,22970.174156314268
QENAPPILP,27224.247891870484
ENAPPILPG,29665.577154624792
NAPPILPGR,12493.151510168844
APPILPGRP,14542.001767188445
PPILPGRPS,30149.973501986937
PILPGRPSE,24910.78502618953
ILPGRPSEG,8194.16928873373
LPGRPSEGL,22326.043180416098
PGRPSEGLG,34013.98476835313
GRPSEGLGP,29568.485685642696
RPSEGLGPS,31155.118694494202
PSEGLGPSP,29202.686962563796
SEGLGPSPH,31833.05375499906
EGLGPSPHL,19450.540897284358
GLGPSPHLV,115.64417451947827
LGPSPHLVP,25784.960224954997
GPSPHLVPH,27724.629253553892
PSPHLVPHP,24956.989139306672
SPHLVPHPG,32740.33530070369
PHLVPHPGG,27398.944547993775
HLVPHPGGP,8866.989713607642
LVPHPGGPE,18184.643828964032
VPHPGGPEA,26500.29975537648
PHPGGPEAE,31614.495502520986
HPGGPEAEV,24422.054018380455
PGGPEAEVW,35936.47845748837
GGPEAEVWE,28200.224858365444
GPEAEVWEE,26203.433475543836
PEAEVWEET,30248.25013223975
EAEVWEETD,27010.574114569845
AEVWEETDV,15447.637105658072
EVWEETDVN,22817.997798685272
VWEETDVNR,17875.3903680349
WEETDVNRN,32228.002457278933
EETDVNRNK,33149.463897022986
ETDVNRNKL,24463.61225280449
TDVNRNKLR,30789.490529644478
DVNRNKLRI,24486.528928240583
VNRNKLRIN,31202.86547106948
NRNKLRINI,22130.440717744004
RNKLRINIG,27309.743690306896
NKLRINIGK,26710.323381591592
KLRINIGKS,8419.178374532175
LRINIGKSP,26626.267322368145
RINIGKSPC,9722.57459607317
INIGKSPCV,1922.749418684495
NIGKSPCVE,19679.490374813922
IGKSPCVEE,22633.021379234608
GKSPCVEEE,26645.98430497237
KSPCVEEEQ,26103.529464066272
SPCVEEEQS,31933.279315382893
PCVEEEQSR,26687.594019004166
CVEEEQSRG,26562.95726061845
VEEEQSRGM,28866.424141213098
EEEQSRGMG,33415.229459714
EEQSRGMGV,20206.646308380616
EQSRGMGVP,30303.071569127947
QSRGMGVPS,26124.83577772494
SRGMGVPSS,29588.412334215092
RGMGVPSSP,20608.990491442342
GMGVPSSPV,176.1354761339972
MGVPSSPVR,19666.80932674163
GVPSSPVRA,6992.484976253368
VPSSPVRAP,27101.881448174652
PSSPVRAPP,31899.411048845286
SSPVRAPPD,27222.435175080485
SPVRAPPDS,30179.242398544247
PVRAPPDSP,29060.57342734203
VRAPPDSPT,34037.519187342295
RAPPDSPTT,15189.84070346234
APPDSPTTP,24283.574430438362
PPDSPTTPV,15105.615847233155
PDSPTTPVR,25378.77207289849
DSPTTPVRS,29032.973392760057
SPTTPVRSL,31575.180407953387
PTTPVRSLR,29539.263807302563
TTPVRSLRY,32459.87288356279
TPVRSLRYR,25422.68585599271
PVRSLRYRR,25827.252160218362
VRSLRYRRV,23643.27046543158
RSLRYRRVN,27905.33625731429
SLRYRRVNS,22196.46014103696
LRYRRVNSP,30424.943797794895
RYRRVNSPE,31696.725758050223
YRRVNSPES,28998.37170158199
RRVNSPESE,30062.56118678015
RVNSPESER,16639.794016090826
VNSPESERL,16820.40398850664
NSPESERLS,29204.779863222175
SPESERLST,31982.250889553798
PESERLSTA,25278.39996122342
ESERLSTAD,29616.12019727381
SERLSTADG,32089.565275964167
ERLSTADGR,28407.04489583743
RLSTADGRV,844.596779988055
LSTADGRVE,28595.655117709783
STADGRVEL,9181.127043996496
TADGRVELP,27090.50768052673
ADGRVELPE,23968.561197822582
DGRVELPER,23818.939352817662
GRVELPERR,22999.193940521935
RVELPERRS,24861.756189520365
VELPERRSR,29105.748400660315
ELPERRSRM,18264.11500419476
LPERRSRMD,26689.403394141966
PERRSRMDL,29689.447444070283
ERRSRMDLP,31745.64549631964
RRSRMDLPG,30861.03429864243
RSRMDLPGS,25456.360557873486
SRMDLPGSP,27394.07142223229
RMDLPGSPS,8718.71860985958
MDLPGSPSR,18522.881693168187
DLPGSPSRQ,21432.21657278541
LPGSPSRQA,30419.14992807666
PGSPSRQAC,28817.780272708023
GSPSRQACS,31113.4941023092
SPSRQACSS,31673.42589986709
PSRQACSSQ,34502.54724089975
SRQACSSQP,33000.59139697113
RQACSSQPA,2410.660852013741
QACSSQPAQ,28923.36440690418
ACSSQPAQM,20349.43558353427
CSSQPAQML,26211.078143034425
SSQPAQMLS,22549.511998306847
SQPAQMLSV,866.7706032121242
QPAQMLSVD,26233.167984270443
PAQMLSVDT,27820.802723624125
AQMLSVDTG,6826.533505004009
QMLSVDTGH,11436.240288678247
MLSVDTGHA,536.9982577647082
LSVDTGHAD,23005.35205991958
SVDTGHADR,23109.385460340458
VDTGHADRQ,27586.373772071947
DTGHADRQA,32486.079322403788
TGHADRQAS,32512.027790592896
GHADRQASG,32168.953048621697
HADRQASGR,25653.136617191612
ADRQASGRM,31007.109196963243
DRQASGRMD,31917.708854358043
RQASGRMDV,3432.2414593765347
QASGRMDVS,26467.257084057423
ASGRMDVSA,17143.91336969916
SGRMDVSAS,29784.90112918067
GRMDVSASV,8580.316454102855
RMDVSASVE,7896.096010513696
MDVSASVEQ,14558.263391880255
DVSASVEQE,26908.486465777118
VSASVEQEA,10711.924448492613
SASVEQEAL,19117.07597636423
ASVEQEALS,15915.808221668829
SVEQEALSN,29062.294175509596
VEQEALSNA,24892.497506432264
EQEALSNAF,33312.782917880315
QEALSNAFR,29568.035184333454
EALSNAFRS,17919.696859497777
ALSNAFRSV,13.604337182682471
LSNAFRSVP,21248.810930235806
SNAFRSVPL,18923.149891044246
NAFRSVPLA,8537.246827921996
AFRSVPLAE,24989.814304654206
FRSVPLAEE,23985.24762332085
RSVPLAEEE,21598.37724453199
SVPLAEEED,20683.20074881252
VPLAEEEDF,31089.1480312352
PLAEEEDFD,16991.687846050667
LAEEEDFDS,17726.287144777634
AEEEDFDSK,32323.871273382356
EEEDFDSKE,29770.63019388595
EEDFDSKEW,34901.88470290085
EDFDSKEWV,14623.326901621449
DFDSKEWVI,18899.427031179202
FDSKEWVII,9479.166062107979
DSKEWVIID,22221.3584079106
SKEWVIIDK,26336.34710129096
KEWVIIDKE,21635.702585689236
EWVIIDKET,25905.29495876127
WVIIDKETE,14536.646589918804
VIIDKETEL,619.0663457332773
IIDKETELK,18743.728121963682
IDKETELKD,19855.46411421945
DKETELKDF,30469.102938727778
KETELKDFP,28662.007620122487
ETELKDFPP,26165.45133393946
TELKDFPPG,28014.094077155805
ELKDFPPGA,4059.4561703925287
LKDFPPGAE,21262.36120833303
KDFPPGAEP,23238.750480906667
DFPPGAEPS,29633.084397127346
FPPGAEPST,28743.537844980186
PPGAEPSTS,32269.73020699587
PGAEPSTSG,32707.32485649441
GAEPSTSGT,27359.736776878028
AEPSTSGTT,33355.18919911367
EPSTSGTTD,30915.38499335596
PSTSGTTDE,31227.325768323873
STSGTTDEE,24532.804435567425
TSGTTDEEP,29818.97256237531
SGTTDEEPE,29516.424381826633
GTTDEEPEE,19940.03003270226
TTDEEPEEL,4205.010074060736
TDEEPEELR,26162.13151892871
DEEPEELRP,26619.381359977295
EEPEELRPL,24575.48818203323
EPEELRPLP,31499.465802175182
PEELRPLPE,27087.006080655625
EELRPLPEE,26113.910988996166
ELRPLPEEG,23230.636502086214
LRPLPEEGE,24304.79807095067
RPLPEEGEE,27579.959857875496
PLPEEGEER,13205.816593944772
LPEEGEERR,13353.02413723902
PEEGEERRR,24299.85722366114
EEGEERRRL,30500.177739296465
EGEERRRLG,33451.58080638709
GEERRRLGA,24533.931738168143
EERRRLGAE,31935.15986590707
ERRRLGAEP,29732.263440237697
RRRLGAEPT,34286.363503928114
RRLGAEPTV,7310.510571385836
RLGAEPTVR,8361.408317105252
LGAEPTVRP,15729.270529489018
GAEPTVRPR,20256.541698927227
AEPTVRPRG,32050.744541939086
EPTVRPRGR,24934.745724947574
PTVRPRGRS,28628.86465006371
TVRPRGRSM,30747.16466208575
VRPRGRSMQ,33345.51465735248
RPRGRSMQA,28893.523450510704
PRGRSMQAL,24946.453170540077
RGRSMQALA,20729.58494515842
GRSMQALAE,29279.727409763746
RSMQALAEE,12859.479534041517
SMQALAEED,5710.623834874622
MQALAEEDL,12555.405015848854
QALAEEDLQ,27976.65249852857
ALAEEDLQH,10659.167212095632
LAEEDLQHL,2349.7910502826485
AEEDLQHLP,29176.038554323663
EEDLQHLPP,26706.87092267081
EDLQHLPPQ,26188.99529117196
DLQHLPPQP,17504.172209021173
LQHLPPQPL,9374.928030425934
QHLPPQPLP,26493.486949092472
HLPPQPLPP,5967.033854948736
LPPQPLPPQ,18507.61109552136
PPQPLPPQL,30163.627489369985
PQPLPPQLS,29114.86762861415
QPLPPQLSQ,31681.414937078993
PLPPQLSQG,19561.74188376073
LPPQLSQGD,18016.227973949706
PPQLSQGDG,32414.418500347412
PQLSQGDGR,26976.458080535456
QLSQGDGRS,16663.667821956275
LSQGDGRSE,29050.513365641382
SQGDGRSET,27804.217030636984
QGDGRSETS,27640.233146858798
GDGRSETSQ,30553.139226872026
DGRSETSQP,33838.86198200633
GRSETSQPP,33265.065541298834
RSETSQPPT,26961.322274250004
SETSQPPTP,26523.183905944526
ETSQPPTPG,32035.09356343233
TSQPPTPGS,17844.090460875115
SQPPTPGSP,10995.735198745875
QPPTPGSPS,30346.14500434141
PPTPGSPSH,28731.51681887728
PTPGSPSHS,28480.376860870943
TPGSPSHSP,32976.35169221223
PGSPSHSPL,30474.664339605206
GSPSHSPLH,29811.010986163343
SPSHSPLHS,29690.452678224603
PSHSPLHSG,32648.793427685145
SHSPLHSGP,26410.831815709585
HSPLHSGPR,29320.62177651317
SPLHSGPRP,26335.513810070257
PLHSGPRPR,16658.54116305213
LHSGPRPRR,19837.929055090786
HSGPRPRRR,23858.096095789755
SGPRPRRRE,21893.756401793184
GPRPRRRES,31007.250424438116
PRPRRRESD,32048.721547649468
RPRRRESDP,34591.35523429006
PRRRESDPT,35345.26942874371
RRRESDPTG,34512.871860847255
RRESDPTGP,30376.532406481932
RESDPTGPQ,34028.02665882585
ESDPTGPQR,30112.727258521252
SDPTGPQRQ,30312.556160338685
DPTGPQRQV,23036.631660576542
PTGPQRQVF,33425.77974396725
TGPQRQVFS,28427.634829367027
GPQRQVFSV,13519.947294284464
PQRQVFSVA,27874.12995886949
QRQVFSVAP,27440.080937475188
RQVFSVAPP,9960.423138184058
QVFSVAPPF,3791.118477048548
VFSVAPPFE,22996.17945520841
FSVAPPFEV,116.41280309070062
SVAPPFEVN,22113.035577737108
VAPPFEVNG,20211.470149098554
APPFEVNGL,23982.453823806296
PPFEVNGLP,30726.458877230718
PFEVNGLPR,27426.011518294577
FEVNGLPRA,7624.433021325526
EVNGLPRAV,12815.6027009496
VNGLPRAVP,27584.103327184643
NGLPRAVPL,11038.954208654899
GLPRAVPLS,3539.9961411128293
LPRAVPLSL,20755.96311280431
PRAVPLSLP,28709.39450884994
RAVPLSLPY,29532.408934275045
AVPLSLPYQ,12988.165040087708
VPLSLPYQD,23384.597718658886
PLSLPYQDF,29263.033908852336
LSLPYQDFK,24627.501964098206
SLPYQDFKR,8080.328314667055
LPYQDFKRD,26679.622181385
PYQDFKRDL,30410.469159556535
YQDFKRDLS,13834.375236746127
QDFKRDLSD,27957.501414594684
DFKRDLSDY,33969.90705972377
FKRDLSDYR,26079.2035210457
KRDLSDYRE,27462.914307753264
RDLSDYRER,27565.132072948298
DLSDYRERA,6175.338121759973
LSDYRERAR,20649.804084352574
SDYRERARL,27703.695369959572
DYRERARLL,32101.84355114739
YRERARLLN,32658.135511099856
RERARLLNR,30603.9722103583
ERARLLNRV,12501.180822084501
RARLLNRVR,26012.146420272253
ARLLNRVRR,25592.144523194886
RLLNRVRRV,131.52234019120672
LLNRVRRVG,11472.580865146767
LNRVRRVGF,26466.260701491145
NRVRRVGFS,29169.912273078036
RVRRVGFSH,22195.314994751632
VRRVGFSHM,25097.58713535331
RRVGFSHML,9434.941208433675
RVGFSHMLL,1836.0717786131572
VGFSHMLLT,15296.686944468585
GFSHMLLTT,8376.336862125696
FSHMLLTTP,3341.489807372354
SHMLLTTPQ,14668.880871642858
HMLLTTPQV,43.14189884115388
MLLTTPQVP,909.3198485479844
LLTTPQVPL,1771.2719852379967
LTTPQVPLA,7598.701281493408
TTPQVPLAP,15152.495105205278
TPQVPLAPV,16401.182432082773
PQVPLAPVQ,27101.470712450173
QVPLAPVQP,14760.67675541888
VPLAPVQPQ,30403.109426590043
PLAPVQPQA,1340.6509240549765
LAPVQPQAN,26904.971521716187
APVQPQANG,31955.00056209638
PVQPQANGK,31861.73986249798
VQPQANGKE,23966.752733658654
QPQANGKEE,31898.871032678133
PQANGKEEE,31576.652950355114
QANGKEEEE,27707.02541360213
ANGKEEEEE,28685.53750145682
NGKEEEEEE,28394.96201761028
GKEEEEEEE,25681.821221975522
KEEEEEEEE,24774.880111391492
EEEEEEEED,29502.830282686897
EEEEEEEDE,31179.058974979333
EEEEEEDEE,28480.645483206048
EEEEEDEEE,28595.27822006464
EEEEDEEEE,28598.12524572445
EEEDEEEEE,28450.551443171393
EEDEEEEEE,28185.792954646484
EDEEEEEED,28837.725227755724
DEEEEEEDE,29684.63356230297
EEEEEEDEE,28480.645483206048
EEEEEDEEE,28595.27822006464
EEEEDEEEE,28598.12524572445
EEEDEEEEE,28450.551443171393
EEDEEEEEE,28185.792954646484
EDEEEEEEE,27567.137614041927
DEEEEEEEE,25503.495386148115
EEEEEEEEE,28326.40861095539
EEEEEEEEE,28326.40861095539
EEEEEEEEE,28326.40861095539
EEEEEEEEE,28326.40861095539
EEEEEEEEE,28326.40861095539
EEEEEEEEE,28326.40861095539
EEEEEEEEE,28326.40861095539
EEEEEEEEE,28326.40861095539
EEEEEEEEE,28326.40861095539
EEEEEEEEE,28326.40861095539
EEEEEEEEE,28326.40861095539
EEEEEEEEE,28326.40861095539
EEEEEEEEE,28326.40861095539
EEEEEEEEE,28326.40861095539
EEEEEEEEE,28326.40861095539
EEEEEEEEA,28121.353316519086
EEEEEEEAA,30244.564683058125
EEEEEEAAA,30062.792627355066
EEEEEAAAA,29417.600114245357
EEEEAAAAV,19245.296435691223
EEEAAAAVA,29555.840886678685
EEAAAAVAL,26846.727917159948
EAAAAVALG,26789.63835239401
AAAAVALGE,22300.11437102897
AAAVALGEV,3125.464458872191
AAVALGEVL,17148.261797185696
AVALGEVLG,11807.418476467097
VALGEVLGP,15813.85166899993
ALGEVLGPR,6269.251236815346
LGEVLGPRS,22771.39170221969
GEVLGPRSG,31577.36951916271
EVLGPRSGS,26365.960374835868
VLGPRSGSS,10909.809418267612
LGPRSGSSS,28471.434560990598
GPRSGSSSE,32821.34891674342
PRSGSSSEG,33635.51505027545
RSGSSSEGS,27170.625229563117
SGSSSEGSE,31783.484318668638
GSSSEGSER,27324.638951084617
SSSEGSERS,22296.04835979933
SSEGSERST,31579.715345718105
SEGSERSTD,31568.134282275216
EGSERSTDR,30524.330797344897
GSERSTDRS,31404.787616558642
SERSTDRSQ,33820.23164460668
ERSTDRSQE,33786.820116622446
RSTDRSQEG,27465.368509168446
STDRSQEGA,17202.99735682388
TDRSQEGAP,33189.627469743136
DRSQEGAPS,33067.97760106408
RSQEGAPST,17881.760723362204
SQEGAPSTL,8152.454347453462
QEGAPSTLL,28006.890969519744
EGAPSTLLA,24697.603659638058
GAPSTLLAD,23767.412762380496
APSTLLADD,26719.20256720228
PSTLLADDQ,29817.449784060027
STLLADDQK,26128.071874562
TLLADDQKE,7330.492435294952
LLADDQKES,2885.145936723222
LADDQKESR,19140.940875417975
ADDQKESRG,32590.247205213676
DDQKESRGR,27188.394554880215
DQKESRGRA,29423.962242317055
QKESRGRAS,32499.495692095912
KESRGRASM,32214.760491532146
ESRGRASMA,29250.855750234685
SRGRASMAD,30027.240748729688
RGRASMADG,31722.404296272933
GRASMADGD,29171.445486493285
RASMADGDL,25552.996688590858
ASMADGDLE,17782.876305542788
SMADGDLEP,3368.1131312538405
MADGDLEPE,7563.987471660795
ADGDLEPEE,19800.518930233226
DGDLEPEEG,26372.81904983575
GDLEPEEGS,23575.579825796085
DLEPEEGSK,25473.82503880743
LEPEEGSKT,29324.7726252281
EPEEGSKTL,28040.577459741256
PEEGSKTLV,19252.960489933444
EEGSKTLVL,25154.30498649755
EGSKTLVLV,12447.457722164603
GSKTLVLVS,21674.336434937883
SKTLVLVSP,17017.779901803126
KTLVLVSPG,8013.956640705703
TLVLVSPGD,3174.7218064985564
LVLVSPGDM,18672.94483896533
VLVSPGDMK,23264.099617579857
LVSPGDMKK,27356.751703848484
VSPGDMKKS,25823.848267860572
SPGDMKKSP,31785.57512798792
PGDMKKSPV,20451.458573331027
GDMKKSPVT,32263.881533930733
DMKKSPVTA,22595.769622983225
MKKSPVTAE,27974.738942333126
KKSPVTAEL,20432.631232076812
KSPVTAELA,18436.38182833792
SPVTAELAP,29934.02180650568
PVTAELAPD,22741.10470974127
VTAELAPDP,10781.954721466844
TAELAPDPD,28064.954600081714
AELAPDPDL,29574.932896746228
ELAPDPDLG,13356.140782394521
LAPDPDLGT,13805.251351991034
APDPDLGTL,27645.370692173867
PDPDLGTLA,28764.24993784513
DPDLGTLAA,20407.677356994187
PDLGTLAAL,15580.285081421518
DLGTLAALT,19616.449855997416
LGTLAALTP,15408.839084810477
GTLAALTPQ,4254.664060503371
TLAALTPQH,7240.141650045418
LAALTPQHE,23258.605334154214
AALTPQHER,24386.636311235856
ALTPQHERP,7044.500857529158
LTPQHERPQ,26121.381083884415
TPQHERPQP,34814.613026207815
PQHERPQPT,32385.807851037007
QHERPQPTG,30689.553130864864
HERPQPTGS,30532.4718026684
ERPQPTGSQ,33970.79432506863
RPQPTGSQL,33051.889838297466
PQPTGSQLD,29917.992322296897
QPTGSQLDV,21331.449452373563
PTGSQLDVS,29290.924667151987
TGSQLDVSE,30917.867325615432
GSQLDVSEP,24951.4852604193
SQLDVSEPG,5088.997049876778
QLDVSEPGT,5515.513573137755
LDVSEPGTL,16226.21707232755
DVSEPGTLS,24530.605355727555
VSEPGTLSS,22546.36742701032
SEPGTLSSV,14618.140927756087
EPGTLSSVL,28189.594533149102
PGTLSSVLK,30138.401687888265
GTLSSVLKS,10656.56564746044
TLSSVLKSE,9514.27177014464
LSSVLKSEP,15488.51169734878
SSVLKSEPK,26671.078654841727
SVLKSEPKP,8970.46284511895
VLKSEPKPP,4085.6889510773963
LKSEPKPPG,28452.187904076003
KSEPKPPGP,11730.307811931483
SEPKPPGPG,30275.921794026315
EPKPPGPGA,24637.56558261617
PKPPGPGAG,30370.49313408055
KPPGPGAGL,25741.191553283745
PPGPGAGLG,33145.899242333326
PGPGAGLGA,26312.08205920819
GPGAGLGAG,32130.019438524345
PGAGLGAGT,30297.325331493113
GAGLGAGTV,15442.51109697175
AGLGAGTVT,24090.48244989786
GLGAGTVTT,1358.5458673952453
LGAGTVTTG,21686.955229757466
GAGTVTTGV,3336.232619813028
AGTVTTGVG,29862.03312522752
GTVTTGVGG,24422.217425212824
TVTTGVGGV,7515.310277211929
VTTGVGGVA,25608.148677088197
TTGVGGVAV,14491.516121645293
TGVGGVAVT,25691.571102563572
GVGGVAVTS,5575.2114114126525
VGGVAVTSS,22167.868858150207
GGVAVTSSP,24222.433865544273
GVAVTSSPF,16515.73315849973
VAVTSSPFT,22925.859266254076
AVTSSPFTK,25200.10551220084
VTSSPFTKV,1866.0309130108988
TSSPFTKVE,28450.21774055375
SSPFTKVER,18111.281676920422
SPFTKVERT,28721.700328445295
PFTKVERTF,33164.05652229647
FTKVERTFV,2412.9379446163057
TKVERTFVH,24001.013069614233
KVERTFVHI,1168.075903141594
VERTFVHIA,25451.424638629156
ERTFVHIAE,27701.638581202238
RTFVHIAEK,17037.275659367137
TFVHIAEKT,23521.062123348547
FVHIAEKTH,12592.635891611457
VHIAEKTHL,17147.68258822502
HIAEKTHLN,13846.111413269758
IAEKTHLNV,1861.6417940895196
AEKTHLNVM,24988.85138281494
EKTHLNVMS,23429.891883702378
KTHLNVMSS,6518.1057103431085
THLNVMSSG,24279.08218363604
HLNVMSSGG,7889.215542527029
LNVMSSGGQ,29669.597454239967
NVMSSGGQA,16163.199979310226
VMSSGGQAL,530.3985575160958
MSSGGQALR,15270.282733307356
SSGGQALRS,29102.3839721952
SGGQALRSE,30872.578698263653
GGQALRSEE,29858.513879176902
GQALRSEEF,31125.020031564523
QALRSEEFS,24811.7557388111
ALRSEEFSA,159.184000985839
LRSEEFSAG,28081.61772763899
RSEEFSAGG,21624.84982770075
SEEFSAGGE,22477.946391857007
EEFSAGGEL,28020.385327761745
EFSAGGELG,29614.316523933165
FSAGGELGL,1289.9335003622707
SAGGELGLE,26248.222984755255
AGGELGLEL,13792.615804282927
GGELGLELA,24738.964683727943
GELGLELAS,24113.109849223194
ELGLELASD,13117.661384772853
LGLELASDG,22878.971997291363
GLELASDGG,17055.468293289054
LELASDGGA,22817.20133435785
ELASDGGAV,7394.400384102045
LASDGGAVE,24108.275990491464
ASDGGAVEE,21527.603606945497
SDGGAVEEG,31462.274534725413
DGGAVEEGA,27217.99277372012
GGAVEEGAR,28477.09046024698
GAVEEGARA,7030.28181299028
AVEEGARAP,21092.870849676023
VEEGARAPL,26899.01202423359
EEGARAPLE,33254.015089840555
EGARAPLEN,32919.72448655519
GARAPLENG,31502.392465571826
ARAPLENGL,28710.251995188522
RAPLENGLA,28013.625480127583
APLENGLAL,24508.089979334574
PLENGLALS,18389.8653324449
LENGLALSG,24226.120765024993
ENGLALSGL,22186.67820114704
NGLALSGLN,27781.982283460322
GLALSGLNG,3335.6711081941367
LALSGLNGA,2438.6591052108993
ALSGLNGAE,11314.083311695375
LSGLNGAEI,15760.851138955803
SGLNGAEIE,24804.792139217356
GLNGAEIEG,2925.292846892755
LNGAEIEGS,18093.7247377533
NGAEIEGSA,25137.155817517836
GAEIEGSAL,20549.552962775408
AEIEGSALS,27217.050406387643
EIEGSALSG,27815.66845359592
IEGSALSGA,15598.415694079742
EGSALSGAP,30528.60529275394
GSALSGAPR,24550.734684251842
SALSGAPRE,22180.471017167198
ALSGAPRET,3528.612732528547
LSGAPRETP,22102.130464301365
SGAPRETPS,30640.729345168682
GAPRETPSE,23158.753638960803
APRETPSEM,30669.106181003066
PRETPSEMA,29663.139171672443
RETPSEMAT,32264.129921659405
ETPSEMATN,30615.584572775875
TPSEMATNS,28723.785386279273
PSEMATNSL,24608.41264684917
SEMATNSLP,28156.314619427467
EMATNSLPN,21561.21363099644
MATNSLPNG,10625.302134099788
ATNSLPNGP,9921.378736360546
TNSLPNGPA,28246.182243455085
NSLPNGPAL,6189.553177594063
SLPNGPALA,997.5355445245482
LPNGPALAD,27838.1512071803
PNGPALADG,32566.350912484035
NGPALADGP,24466.10511495429
GPALADGPA,31512.62078165659
PALADGPAP,28914.125682978716
ALADGPAPV,18.330095834659655
LADGPAPVS,14161.907213384231
ADGPAPVSP,25113.561394533925
DGPAPVSPL,30349.480735316843
GPAPVSPLE,29787.48599211942
PAPVSPLEP,27941.491939170784
APVSPLEPS,26838.890284871268
PVSPLEPSP,19694.46249659505
VSPLEPSPE,24940.740505123365
SPLEPSPEK,30301.78055537038
PLEPSPEKV,2204.664219684796
LEPSPEKVA,29509.447539427747
EPSPEKVAT,32208.133759895012
PSPEKVATI,21197.776913461046
SPEKVATIS,28669.016370456025
PEKVATISP,28333.090904298202
EKVATISPR,27729.524298425178
KVATISPRR,11314.041356584097
VATISPRRH,22668.33348359098
ATISPRRHA,12511.042672694903
TISPRRHAM,20478.105175814428
ISPRRHAMP,25869.881442672722
SPRRHAMPG,32496.268132707377
PRRHAMPGS,29268.107376800548
RRHAMPGSR,30206.909372842947
RHAMPGSRP,31726.4654821824
HAMPGSRPR,19914.372551002358
AMPGSRPRS,4515.261209659127
MPGSRPRSR,26012.514434713707
PGSRPRSRI,30971.50291988449
GSRPRSRIP,32271.911537928478
SRPRSRIPV,18364.119459225927
RPRSRIPVL,27531.116783443267
PRSRIPVLL,28070.251420098997
RSRIPVLLS,25712.834466359272
SRIPVLLSE,26366.33020673504
RIPVLLSEE,12012.954667281807
IPVLLSEED,17536.039263662948
PVLLSEEDT,28418.592252027105
VLLSEEDTG,3699.650600319108
LLSEEDTGS,3614.095318130117
LSEEDTGSE,25128.326328779985
SEEDTGSEP,29265.08866945938
EEDTGSEPS,32574.181786532765
EDTGSEPSG,32836.76989512839
DTGSEPSGS,28059.90986168685
TGSEPSGSL,27124.801841195767
GSEPSGSLS,29335.248093146638
SEPSGSLSA,27171.426899509872
EPSGSLSAK,33236.40603784009
PSGSLSAKE,30773.468086373734
SGSLSAKER,26476.748067746234
GSLSAKERW,30925.94625428681
SLSAKERWS,7102.7083593939715
LSAKERWSK,30469.47383095943
SAKERWSKR,26309.295065057442
AKERWSKRA,26933.232034881457
KERWSKRAR,29753.75754966257
ERWSKRARP,30823.43516344367
RWSKRARPQ,31461.608766126843
WSKRARPQQ,30692.493616310887
SKRARPQQD,32003.38497294616
KRARPQQDL,30860.845224901248
RARPQQDLA,25951.20135503279
ARPQQDLAR,30885.488057357543
RPQQDLARL,26726.16067312683
PQQDLARLV,16837.12849634646
QQDLARLVM,17081.758811222604
QDLARLVME,23463.58149370487
DLARLVMEK,21529.94134228316
LARLVMEKR,15458.408883074084
ARLVMEKRQ,29946.397483859884
RLVMEKRQG,12005.064735153575
LVMEKRQGR,15961.675831069684
VMEKRQGRL,4518.761252734671
MEKRQGRLL,30812.722615247
EKRQGRLLL,29162.468397725028
KRQGRLLLR,28631.69540078377
RQGRLLLRL,4529.839260607159
QGRLLLRLA,23311.926492237653
GRLLLRLAS,11672.009894700164
RLLLRLASG,1415.0900323345566
LLLRLASGA,359.0189719005205
LLRLASGAS,16526.74345452528
LRLASGASS,25571.592167974355
RLASGASSS,2072.799910712616
LASGASSSS,20612.037661087055
ASGASSSSS,27428.755395286196
SGASSSSSE,32403.965397362663
GASSSSSEE,27389.732386565694
ASSSSSEEQ,27429.76147858926
SSSSSEEQR,25707.439521182445
SSSSEEQRR,25336.449606469894
SSSEEQRRA,12574.86119839633
SSEEQRRAS,30014.05860831457
SEEQRRASE,31965.75720802477
EEQRRASET,34256.467861348065
EQRRASETL,28993.94684123763
QRRASETLS,33099.023925707574
RRASETLSG,32067.136019648064
RASETLSGT,12898.421020162352
ASETLSGTG,30108.85443730625
SETLSGTGS,28026.825977875345
ETLSGTGSE,28738.73948809219
TLSGTGSEE,12751.448444932803
LSGTGSEED,24071.320383210103
SGTGSEEDT,32684.915685817577
GTGSEEDTP,29764.469040578864
TGSEEDTPA,24594.970303008424
GSEEDTPAS,24672.031036335047
SEEDTPASE,30795.4318957185
EEDTPASEP,31162.310026749095
EDTPASEPA,31022.439255963312
DTPASEPAA,28897.956280597627
TPASEPAAA,31360.859994160965
PASEPAAAL,27032.70685781557
ASEPAAALP,20285.560450455294
SEPAAALPR,27645.50775102545
EPAAALPRK,33097.77521646548
PAAALPRKS,31168.551981492026
AAALPRKSG,31398.965352284464
AALPRKSGR,24573.69533445282
ALPRKSGRA,6943.089406514965
LPRKSGRAA,30942.503308863874
PRKSGRAAA,31836.11406938453
RKSGRAAAT,32028.545101119
KSGRAAATR,26138.444196110024
SGRAAATRS,33281.54413975473
GRAAATRSR,32206.330600443787
RAAATRSRI,14497.790787364997
AAATRSRIP,31403.397769304353
AATRSRIPR,29693.10713866271
ATRSRIPRP,24321.620544827223
TRSRIPRPI,30884.4610355176
RSRIPRPIG,32267.25638935171
SRIPRPIGL,21641.434564327206
RIPRPIGLR,14492.239263980739
IPRPIGLRM,24533.476855446355
PRPIGLRMP,27865.5296366933
RPIGLRMPM,25138.53177899768
PIGLRMPMP,22575.80540403078
IGLRMPMPV,3230.536921184953
GLRMPMPVA,4300.173433850317
LRMPMPVAA,17593.869034857857
RMPMPVAAQ,6419.5538950790815
MPMPVAAQQ,31893.759332511654
PMPVAAQQP,30594.310115795644
MPVAAQQPA,23660.672653488324
PVAAQQPAS,28110.91814913477
VAAQQPASR,23118.690812983623
AAQQPASRS,31708.706743755167
AQQPASRSH,23626.52482927753
QQPASRSHG,30932.45754701938
QPASRSHGA,30286.152294497515
PASRSHGAA,32777.25111324297
ASRSHGAAP,31574.15590513359
SRSHGAAPA,29916.334257140952
RSHGAAPAL,16650.72862862342
SHGAAPALD,28640.876205591525
HGAAPALDT,29566.139101948098
GAAPALDTA,13333.23455121346
AAPALDTAI,14923.81977456802
APALDTAIT,30143.595332592464
PALDTAITS,17318.632562983097
ALDTAITSR,8235.020836307394
LDTAITSRL,11029.843715048635
DTAITSRLQ,30496.429635655884
TAITSRLQL,17206.206702247713
AITSRLQLQ,11691.884036412568
ITSRLQLQT,17144.61131061691
TSRLQLQTP,29197.211758806276
SRLQLQTPP,25893.25546079821
RLQLQTPPG,6493.751611142337
LQLQTPPGS,9461.106555191342
QLQTPPGSA,3616.4699797881494
LQTPPGSAT,24514.667920963486
QTPPGSATA,9604.332299212507
TPPGSATAA,27812.078727713757
PPGSATAAD,31188.36141052293
PGSATAADL,28776.263781371632
GSATAADLR,26867.114958198963
SATAADLRP,26928.634941732405
ATAADLRPK,26790.421222456902
TAADLRPKQ,24349.96457862464
AADLRPKQP,24788.48872643506
ADLRPKQPP,31620.552733771823
DLRPKQPPG,24166.151493569607
LRPKQPPGR,17602.361061248743
RPKQPPGRG,33175.58788747869
PKQPPGRGL,29748.475193730967
KQPPGRGLG,23839.701173760714
QPPGRGLGP,26173.929951957187
PPGRGLGPG,32644.848391349187
PGRGLGPGR,23866.279164844567
GRGLGPGRA,28421.96584061754
RGLGPGRAQ,30204.446381122078
GLGPGRAQA,7736.0257367199665
LGPGRAQAG,27847.282965509676
GPGRAQAGA,25067.340213796902
PGRAQAGAR,30840.17351813131
GRAQAGARP,31665.390376617815
RAQAGARPP,29023.69380818179
AQAGARPPA,1105.1080258405711
QAGARPPAP,26596.21267205109
AGARPPAPR,25668.9699157399
GARPPAPRS,31252.506879201457
ARPPAPRSP,32198.815278025602
RPPAPRSPR,31561.423028003475
PPAPRSPRL,25575.918421400933
PAPRSPRLP,29886.154247457926
APRSPRLPA,28501.949329211682
PRSPRLPAS,28014.254418179808
RSPRLPAST,24683.27686147257
SPRLPASTS,31391.919325107527
PRLPASTSA,27308.29511700026
RLPASTSAA,1684.2665811662412
LPASTSAAR,26612.097077364007
PASTSAARN,34496.42736674971
ASTSAARNA,23020.33609706533
STSAARNAS,26074.820512030663
TSAARNASA,13936.545237804472
SAARNASAS,28591.926700496737
AARNASASP,27837.982897607195
ARNASASPR,32296.996378994416
RNASASPRS,27276.321701553075
NASASPRSQ,31773.60095729972
ASASPRSQS,30447.492141994124
SASPRSQSL,19967.999766377252
ASPRSQSLS,28227.1037852679
SPRSQSLSR,29354.43897673657
PRSQSLSRR,29439.123050505965
RSQSLSRRE,30260.7801158886
SQSLSRRES,26769.20543999252
QSLSRRESP,29275.416556783377
SLSRRESPS,9561.681486676274
LSRRESPSP,27658.416613968704
SRRESPSPS,33155.64550002705
RRESPSPSH,33778.368238572344
RESPSPSHQ,33099.76703679304
ESPSPSHQA,31235.544732580776
SPSPSHQAR,30010.87828857333
PSPSHQARP,30439.01799212439
SPSHQARPG,33972.53606147342
PSHQARPGV,22806.693551992415
SHQARPGVP,32409.565134600663
HQARPGVPP,19409.41558636679
QARPGVPPP,29162.317940996887
ARPGVPPPR,28046.543429099216
RPGVPPPRG,30550.436204533245
PGVPPPRGV,8558.47995241936
GVPPPRGVP,14587.251831453077
VPPPRGVPP,24135.20788307883
PPPRGVPPA,23572.72922853837
PPRGVPPAR,24077.825739389307
PRGVPPARA,26800.38132617535
RGVPPARAQ,32055.580351546017
GVPPARAQP,25341.544021735415
VPPARAQPD,30863.355521998492
PPARAQPDG,32959.54328442993
PARAQPDGT,32772.705363040295
ARAQPDGTP,33979.646339433115
RAQPDGTPS,14583.806759549127
AQPDGTPSP,3090.589360021858
QPDGTPSPG,30718.944664985327
PDGTPSPGG,30385.564785371695
DGTPSPGGS,28767.32945660574
GTPSPGGSK,30644.964556435694
TPSPGGSKK,33173.50726596799
PSPGGSKKG,32807.42016005096
SPGGSKKGP,29964.74654931121
PGGSKKGPR,31714.185054876252
GGSKKGPRG,31088.73075022362
GSKKGPRGK,30350.71628428288
SKKGPRGKL,30062.252198214002
KKGPRGKLQ,32814.18738741075
KGPRGKLQA,27543.453769285574
GPRGKLQAQ,30913.523374953762
PRGKLQAQR,30035.864181344397
RGKLQAQRA,24454.670411219086
GKLQAQRAT,30889.972497038198
KLQAQRATT,10236.995788296515
LQAQRATTK,32316.088851264423
QAQRATTKG,33305.53966533577
AQRATTKGR,29043.449981649926
QRATTKGRA,31496.68540640919
RATTKGRAG,32261.045367752424
ATTKGRAGG,30307.484882023116
TTKGRAGGA,29099.322539523117
TKGRAGGAE,33744.16702459984
KGRAGGAEG,31897.288323669913
GRAGGAEGR,29495.511879189577
RAGGAEGRA,24765.08980893251
AGGAEGRAG,33397.909270924836
GGAEGRAGA,27460.343000455076
